{
    "providers": [
        {
            "type": "bitmap",
            "file": "minecraft:font/logo.png",
            "ascent": 20,
            "height": 30,
            "chars": [
                "\u1700"
            ]
        },
	{
            "type": "bitmap",
            "file": "minecraft:font/discord.png",
            "ascent": 8,
            "height": 8,
            "chars": [
                "\u1701"
            ]
        },
	{
            "type": "bitmap",
            "file": "minecraft:font/helper.png",
            "ascent": 8,
            "height": 8,
            "chars": [
                "\u1702"
            ]
        },
	{
            "type": "bitmap",
            "file": "minecraft:font/moderator.png",
            "ascent": 8,
            "height": 8,
            "chars": [
                "\u1703"
            ]
        },
	{
            "type": "bitmap",
            "file": "minecraft:font/admin.png",
            "ascent": 8,
            "height": 8,
            "chars": [
                "\u1704"
            ]
        },
	{
            "type": "bitmap",
            "file": "minecraft:font/player.png",
            "ascent": 8,
            "height": 8,
            "chars": [
                "\u1705"
            ]
        },
	{
            "type": "bitmap",
            "file": "minecraft:font/plus.png",
            "ascent": 8,
            "height": 8,
            "chars": [
                "\u1706"
            ]
        }
    ]
}